a,0.6319,0.9637,0.5000,0.5238
a,0.6268,1.0000,0.5000,0.5690
a,0.5069,0.5226,0.4857,0.3562
a,0.4994,0.5534,0.4742,0.2500
a,0.6360,0.0385,0.4905,0.6054
a,0.4887,0.4304,0.4896,0.1159
a,0.4741,0.4919,0.4737,0.3018
a,0.4929,0.0307,0.4858,0.1480
a,0.4816,0.7329,0.5000,0.4914
a,0.3668,0.1031,0.4747,0.5204
a,0.3932,0.2474,0.4660,0.5236
a,0.3724,0.2474,0.4842,0.5220
a,0.3705,0.2474,0.4769,0.4960
a,0.3699,0.2474,0.4969,0.5282
a,0.4986,1.0000,0.4744,0.7287
a,0.3928,0.3711,0.4804,0.5399
a,0.3901,0.4146,0.4690,0.4854
a,0.4805,1.0000,0.4845,0.7145
a,0.3744,0.1031,0.4828,0.5367
a,0.4988,0.0174,0.5000,0.0835
a,0.4996,0.0174,0.5000,0.0952
a,0.4986,0.0174,0.5000,0.0896
a,0.4980,0.0174,0.5000,0.0816
a,0.4996,0.0174,0.4953,0.0736
a,0.5008,0.0174,0.5000,0.0752
a,0.4984,0.0174,0.5000,0.0871
a,0.4969,0.0174,0.5000,0.0845
a,0.4993,0.0187,0.5000,0.0893
a,0.5165,0.0217,0.5000,0.2186
a,0.5149,0.0272,0.5000,0.1068
a,0.5536,0.0164,0.4826,0.6173
a,0.5040,0.0217,0.4881,0.2714
a,0.1614,0.0116,0.4768,0.7500
a,0.4656,0.0305,0.4655,0.2167
a,0.5739,0.0116,0.4859,0.5728
a,0.4316,0.0214,0.4894,0.1462
a,0.1213,0.0203,0.3509,0.9333
a,0.5006,0.0178,0.3971,0.3657
a,0.5620,0.7252,0.4703,0.8059
a,0.4975,0.9021,0.4783,0.0865
a,0.4877,0.3623,0.4755,0.1234
a,0.5942,0.6139,0.4890,0.6172
a,0.5312,1.0000,0.4985,0.5091
a,0.4855,0.5213,0.4786,0.2548
a,0.4468,0.0223,0.4122,0.2151
a,0.5114,0.0198,0.4846,0.3804
a,0.4561,0.0226,0.4282,0.1071
a,0.4405,1.0000,0.4738,0.3485
a,0.4928,1.0000,0.5000,0.0579
a,0.5040,0.0340,0.5000,0.0605
a,0.4819,0.9906,0.4853,0.0166
a,0.4881,0.9022,0.4805,0.3414
a,0.5057,0.0340,0.5000,0.0388
a,0.5039,1.0000,0.5000,0.0055
a,0.4851,1.0000,0.5000,0.0688
a,0.5226,1.0000,0.4868,0.1345
a,0.5394,1.0000,0.4753,0.1525
a,0.5048,1.0000,0.5000,0.0781
a,0.5424,1.0000,0.4800,0.1764
a,0.5318,1.0000,0.4888,0.1421
a,0.5117,1.0000,0.4928,0.1161
a,0.5903,1.0000,0.5000,0.4723
a,0.5515,1.0000,0.4915,0.2064
a,0.4748,1.0000,0.4911,0.1095
a,0.5202,0.0186,0.5000,0.1926
a,0.5229,0.0186,0.5000,0.1748
a,0.5694,0.0203,0.5000,0.0590
a,0.5691,0.0203,0.5000,0.0591
a,0.5219,0.0177,0.5000,0.4794
a,0.5422,0.0177,0.4988,0.5813
a,0.5491,0.0203,0.5000,0.0709
a,0.5915,0.0203,0.5000,0.6882
a,0.4628,0.0354,0.5000,0.1615
a,0.3345,0.0148,0.2420,0.3800
a,0.5115,0.0299,0.4370,0.3534
a,0.5384,0.0275,0.4869,0.6414
a,0.4955,0.0573,0.4722,0.3969
a,0.3480,0.2302,0.3214,0.4099
a,0.3628,0.2302,0.2857,0.4178
a,0.3628,0.2302,0.3704,0.4589
a,0.3446,0.2302,0.3704,0.4271
a,0.6385,1.0000,0.4919,0.7307
a,0.4255,0.7211,0.4815,0.2315
a,0.3063,0.2313,0.4524,0.4510
a,0.5734,1.0000,0.5000,0.5412
a,0.3630,1.0000,0.3201,0.5270
a,0.3628,1.0000,0.3806,0.3228
a,0.2996,1.0000,0.3930,0.3275
a,0.3393,1.0000,0.3850,0.3050
a,0.3635,1.0000,0.3954,0.2651
a,0.3777,1.0000,0.3833,0.2918
a,0.3758,1.0000,0.3920,0.3403
a,0.3353,0.1606,0.2895,0.4300
a,0.4433,0.0199,0.4704,0.1498
a,0.4831,0.0188,0.4568,0.1458
a,0.4993,0.0232,0.4401,0.1872
a,0.4332,0.0309,0.4815,0.0399
a,0.2628,0.0179,0.3263,0.7644
a,0.6081,0.0301,0.5000,0.7616
a,0.6224,0.0171,0.4258,0.7866
a,0.5352,0.0208,0.4217,0.8984
a,0.5364,0.0159,0.3946,0.9731
a,0.6163,0.0354,0.5000,0.7789
a,0.5869,0.1969,0.3815,0.7380
a,0.4024,0.0167,0.3964,0.8853
a,0.4251,0.7784,0.4586,0.7689
a,0.4882,0.5303,0.4789,0.1818
a,0.4362,0.5464,0.4519,0.0481
a,0.4866,0.5728,0.4588,0.1952
a,0.4782,0.4175,0.5000,0.3014
a,0.5194,0.6488,0.4608,0.2095
a,0.4353,1.0000,0.2837,0.1156
a,0.3090,0.0240,0.1892,0.6177
a,0.4819,0.5261,0.4844,0.2682
a,0.5273,1.0000,0.5000,0.2562
a,0.2565,1.0000,0.4432,0.1229
a,0.2578,1.0000,0.4266,0.1181
a,0.2838,0.0135,0.3950,0.3048
a,0.3166,1.0000,0.4010,0.1664
a,0.2841,0.0135,0.4261,0.2940
a,0.2734,1.0000,0.3932,0.1915
a,0.2854,0.0135,0.3996,0.3060
a,0.3759,0.9686,0.4273,0.4253
a,0.2659,0.0157,0.4256,0.2905
a,0.4891,0.0229,0.4434,0.0216
a,0.4921,0.0262,0.4538,0.0330
a,0.4879,0.0239,0.4375,0.1459
a,0.4898,0.0232,0.4273,0.1332
a,0.4855,0.0239,0.4394,0.0887
a,0.4885,0.0242,0.4252,0.1738
a,0.5186,0.5253,0.4501,0.3147
a,0.4881,0.0285,0.4062,0.0025
a,0.5078,1.0000,0.5000,0.2310
a,0.4775,0.0236,0.4208,0.0873
a,0.4504,0.0156,0.2874,0.4232
a,0.4424,0.0154,0.2945,0.4178
a,0.4135,0.0171,0.2916,0.3844
a,0.4371,0.0233,0.3139,0.5138
a,0.4520,0.0189,0.2873,0.4738
a,0.4132,0.0151,0.2805,0.3127
a,0.5891,0.8895,0.4968,0.4234
a,0.5694,1.0000,0.4966,0.3697
a,0.4302,0.0266,0.4937,0.5727
a,0.4731,0.0286,0.4933,0.5918
a,0.4082,0.0307,0.4787,0.4882
a,0.3508,0.0276,0.4825,0.4890
a,0.4115,0.0253,0.4773,0.5080
a,0.4876,0.0329,0.4884,0.6770
a,0.3373,0.0262,0.4637,0.4957
a,0.4305,0.0395,0.4375,0.4136
a,0.2837,0.8408,0.3148,0.4064
a,0.3765,1.0000,0.4062,0.2776
a,0.3864,1.0000,0.4831,0.4711
a,0.4772,0.7667,0.4843,0.3739
a,0.4861,0.0408,0.5000,0.5418
a,0.4903,0.0411,0.5000,0.4487
a,0.1588,0.6139,0.2778,0.4849
a,0.4787,1.0000,0.4824,0.1406
a,0.4792,1.0000,0.4779,0.1186
a,0.4866,1.0000,0.4773,0.1391
a,0.5283,1.0000,0.5000,0.0353
a,0.5027,1.0000,0.5000,0.1220
a,0.5190,0.0163,0.4318,0.5528
a,0.5082,0.0163,0.5000,0.4761
a,0.5025,0.0163,0.5000,0.4299
a,0.5331,0.0184,0.4524,0.6161
a,0.5140,0.0163,0.4600,0.4410
a,0.5005,1.0000,0.5000,0.1551
a,0.1627,0.0416,0.1684,0.8746
a,0.5181,1.0000,0.5000,0.0203
a,0.5009,1.0000,0.5000,0.1717
a,0.5079,0.8883,0.4826,0.4288
a,0.3305,0.0379,0.4735,0.3471
a,0.3221,0.6644,0.3317,0.5234
a,0.3210,0.7071,0.2634,0.2829
a,0.3170,0.1676,0.1954,0.8554
a,0.2478,0.2606,0.3286,0.3761
a,0.2928,0.1515,0.2872,0.6170
a,0.4399,0.0354,0.4253,0.6857
a,0.4247,0.0354,0.3760,0.6308
a,0.4238,0.0354,0.3859,0.6035
a,0.2789,0.0354,0.3750,0.5910
a,0.3873,0.0354,0.3607,0.5795
a,0.2627,0.0354,0.3656,0.5963
a,0.4230,0.0354,0.3182,0.5698
a,0.3339,0.0354,0.3009,0.5493
a,0.3403,0.0362,0.3253,0.6001
a,0.3691,0.0400,0.3632,0.6044
a,0.2647,0.0125,0.3393,0.3901
a,0.2637,0.0132,0.3851,0.3548
a,0.4717,0.6877,0.4105,0.2111
a,0.2060,0.0493,0.3468,0.5634
a,0.2351,0.0493,0.3558,0.5179
a,0.2193,0.0493,0.3934,0.4772
a,0.3409,0.1916,0.4288,0.7037
a,0.3254,1.0000,0.4413,0.7041
a,0.2864,1.0000,0.4322,0.7023
a,0.2343,0.1200,0.4035,0.8661
a,0.4688,0.0342,0.4286,0.7496
a,0.2955,0.0307,0.4383,0.6522
a,0.2833,0.0321,0.4115,0.7097
a,0.4087,0.0321,0.3317,0.9071
a,0.4147,0.0362,0.4270,0.6307
a,0.3151,0.0400,0.3913,0.6734
a,0.2034,0.0307,0.2083,0.8848
a,0.2291,0.0314,0.3060,0.6033
a,0.2386,0.0321,0.3468,0.8078
a,0.4962,0.0372,0.4816,0.6117
a,0.4955,0.0372,0.4855,0.6101
a,0.4853,0.0372,0.4932,0.6172
a,0.4807,0.0372,0.4868,0.6083
a,0.5824,0.0392,0.4615,0.6190
a,0.5739,0.0372,0.4785,0.6824
a,0.4668,0.0372,0.4751,0.6286
a,0.4718,0.0372,0.4500,0.6204
a,0.4815,0.0372,0.4566,0.6474
a,0.4709,0.0372,0.4439,0.6124
a,0.5267,1.0000,0.5000,0.2781
a,0.5205,1.0000,0.4867,0.2852
a,0.5248,1.0000,0.4894,0.2842
a,0.4876,1.0000,0.5000,0.3686
a,0.5124,1.0000,0.4870,0.3061
a,0.4986,1.0000,0.5000,0.3328
a,0.5278,1.0000,0.4926,0.2989
a,0.5333,1.0000,0.5000,0.3317
a,0.5034,1.0000,0.4741,0.3524
a,0.6326,0.0157,0.4875,0.5823
a,0.1867,0.2176,0.4424,0.8597
a,0.4880,0.0355,0.5000,0.0910
a,0.5047,0.0351,0.5000,0.0774
a,0.5782,0.0176,0.4887,0.3554
a,0.5712,0.0181,0.5000,0.6172
a,0.5014,0.0228,0.4913,0.6031
a,0.4769,0.0332,0.5000,0.0762
a,0.4730,0.0376,0.5000,0.1726
a,0.3815,0.2087,0.5000,0.4495
a,0.4719,0.0403,0.4440,0.8042
a,0.4196,0.9345,0.5000,0.7154
a,0.4880,0.7541,0.4810,0.7990
a,0.5009,0.9952,0.4741,0.8616
a,0.3892,0.7649,0.4872,0.3147
a,0.4421,0.0277,0.4622,0.7126
a,0.3676,0.0228,0.4142,0.6773
a,0.4159,0.0294,0.4716,0.7218
a,0.4479,0.3942,0.4913,0.1578
a,0.2900,1.0000,0.4964,0.7585
a,0.5085,1.0000,0.5000,0.5801
a,0.5521,1.0000,0.5000,0.7805
a,0.5135,1.0000,0.5000,0.3432
a,0.5212,1.0000,0.4986,0.9188
a,0.5497,1.0000,0.5000,0.4155
a,0.4088,0.4224,0.4412,0.0921
a,0.4343,0.4285,0.5000,0.9616
a,0.5715,1.0000,0.5000,0.6308
a,0.4020,1.0000,0.4792,0.0997
a,0.2879,0.2423,0.3670,0.8514
a,0.3005,0.8029,0.5000,0.8001
a,0.3126,0.7674,0.3352,0.8329
a,0.3191,0.3508,0.4306,0.7172
a,0.2550,0.2370,0.3390,0.7421
a,0.3843,1.0000,0.3727,0.9052
a,0.3313,1.0000,0.4198,0.6495
a,0.2101,0.5107,0.2941,0.8335
a,0.4920,0.0287,0.4839,0.6423
a,0.5132,0.0301,0.4797,0.6578
a,0.4605,0.0295,0.4633,0.6301
a,0.4900,0.0500,0.4914,0.6849
a,0.5197,0.0344,0.4921,0.6603
a,0.4645,0.0321,0.4717,0.6183
a,0.4047,0.0289,0.4567,0.6331
a,0.6254,0.0319,0.5000,0.5742
a,0.6362,0.0315,0.5000,0.6159
a,0.4715,0.0284,0.3588,0.2851
a,0.5862,0.0366,0.4952,0.5337
a,0.3214,0.0257,0.2906,0.3106
a,0.4904,0.0343,0.5000,0.1126
a,0.4148,0.0438,0.3209,0.5064
a,0.5068,0.0343,0.5000,0.2318
a,0.5020,0.0395,0.5000,0.2496
a,0.5274,0.2137,0.4767,0.6786
a,0.5283,0.2172,0.4722,0.6691
a,0.5228,0.2096,0.4878,0.6673
a,0.5284,0.9293,0.4904,0.6592
a,0.5274,0.9689,0.4737,0.6541
a,0.5001,0.4943,0.4878,0.6918
a,0.5262,1.0000,0.4808,0.6598
a,0.5307,0.2364,0.4904,0.6664
a,0.5387,0.2635,0.4907,0.6731
a,0.3476,0.2052,0.3199,0.1597
a,0.4920,0.0391,0.3474,0.4751
a,0.2383,0.0128,0.1927,0.4451
a,0.5515,0.0340,0.4527,0.4192
a,0.5367,0.0494,0.5000,0.3327
a,0.3095,0.1628,0.3552,0.3294
a,0.3799,0.0189,0.4865,0.1054
a,0.1278,0.0290,0.3030,0.8635
a,0.2633,0.8736,0.3995,0.6762
a,0.2574,0.3020,0.4016,0.6352
a,0.2761,0.9375,0.3967,0.6520
a,0.3172,0.9480,0.3901,0.6732
a,0.3342,1.0000,0.4049,0.7187
a,0.2539,0.1299,0.3706,0.4952
a,0.5581,0.0180,0.4940,0.5721
a,0.1477,0.0293,0.3056,0.8945
a,0.5173,0.0199,0.4871,0.5285
a,0.4957,0.0210,0.4916,0.2744
a,0.2590,0.0150,0.4245,0.6698
a,0.5820,0.0137,0.4467,0.7210
a,0.5544,0.0181,0.4933,0.5033
a,0.5375,0.0237,0.4958,0.6238
a,0.5371,0.0124,0.4873,0.3687
a,0.6016,0.0330,0.5000,0.6734
a,0.6160,0.0275,0.5000,0.5103
a,0.5265,0.0195,0.4148,0.8887
a,0.6302,0.0300,0.5000,0.4930
a,0.6622,0.0192,0.4253,0.8988
a,0.6563,0.0187,0.4567,0.7611
a,0.5898,0.0364,0.5000,0.3955
a,0.3925,0.2250,0.3776,0.3582
a,0.5034,0.0131,0.4935,0.1048
a,0.4973,0.0155,0.4972,0.0912
a,0.5021,0.0155,0.4955,0.0876
a,0.4868,0.0144,0.4924,0.0902
a,0.5141,0.0132,0.4981,0.1116
a,0.4981,0.0155,0.4935,0.1102
a,0.4994,0.0129,0.4967,0.1266
a,0.4986,0.0141,0.4968,0.0842
a,0.4917,0.0179,0.4970,0.0688
a,0.5054,0.0185,0.4905,0.3909
a,0.5166,0.0176,0.4314,0.3178
a,0.5643,0.0195,0.4809,0.3823
a,0.6439,0.0184,0.4943,0.4021
a,0.5473,0.8102,0.4803,0.5186
a,0.5626,0.0201,0.4848,0.4132
a,0.4951,1.0000,0.5000,0.1353
a,0.5975,0.0089,0.3945,0.3861
a,0.5939,0.0090,0.3913,0.3797
a,0.5884,0.0085,0.3707,0.3721
a,0.6006,0.0111,0.4578,0.5052
a,0.6002,0.0111,0.4599,0.5033
a,0.6034,0.0115,0.4544,0.4961
a,0.6012,0.0120,0.4454,0.4815
a,0.2327,0.6000,0.3750,0.1823
a,0.4547,1.0000,0.4755,0.2682
a,0.4859,1.0000,0.4647,0.2858
a,0.3873,1.0000,0.4676,0.4347
a,0.4565,0.3278,0.4034,0.2386
a,0.4121,0.2475,0.4489,0.3644
a,0.5008,1.0000,0.5000,0.1724
a,0.4989,1.0000,0.5000,0.1676
a,0.4957,1.0000,0.4975,0.3709
a,0.4961,1.0000,0.4968,0.3461
a,0.6387,1.0000,0.4910,0.9022
a,0.6463,1.0000,0.4952,0.8870
a,0.5065,1.0000,0.5000,0.2015
a,0.5106,1.0000,0.4957,0.4192
a,0.5062,1.0000,0.4929,0.1646
a,0.5028,1.0000,0.4910,0.3631
a,0.5032,0.0099,0.4946,0.4374
a,0.5031,0.0105,0.4941,0.4260
a,0.5017,0.0100,0.4955,0.4386
a,0.4756,0.0107,0.4953,0.4880
a,0.4562,0.5418,0.4543,0.6029
a,0.2662,0.0363,0.3743,0.7325
a,0.1589,0.0353,0.2344,0.7582
a,0.5479,1.0000,0.2968,0.7224
a,0.2039,0.0198,0.3053,0.6237
a,0.1847,0.0193,0.2500,0.6436
a,0.2146,0.0212,0.3149,0.6232
a,0.1827,0.0200,0.2677,0.6472
a,0.1711,0.0210,0.2183,0.5897
a,0.2548,0.0195,0.3377,0.7095
a,0.1680,0.0207,0.2500,0.6429
a,0.1905,0.0177,0.2961,0.6299
a,0.2537,0.0200,0.2163,0.7392
a,0.1679,0.0217,0.1961,0.6412
a,0.5601,0.0243,0.5000,0.1450
a,0.5582,0.0243,0.5000,0.1434
a,0.3095,0.0127,0.2505,0.7791
a,0.1711,0.2347,0.3230,0.6086
a,0.1831,0.2251,0.2908,0.7137
a,0.5717,0.0302,0.5000,0.1235
a,0.6273,1.0000,0.5000,0.6746
a,0.2506,0.0580,0.2370,0.6733
a,0.5919,1.0000,0.5000,0.4589
a,0.2029,0.0169,0.2874,0.8130
a,0.2098,0.0672,0.4431,0.8680
a,0.1724,0.1473,0.4377,0.8691
a,0.4601,0.2401,0.3922,0.6532
a,0.1275,0.1137,0.1923,0.8964
a,0.1288,0.1087,0.4296,0.6859
a,0.1762,0.0859,0.4167,0.9179
a,0.3438,0.2368,0.3840,0.7908
a,0.3938,0.0068,0.3478,0.7451
a,0.3016,1.0000,0.4489,0.7176
a,0.2953,0.4926,0.4427,0.6713
a,0.6220,1.0000,0.3050,0.7389
a,0.6220,1.0000,0.3050,0.7389
a,0.4106,0.0059,0.2840,0.6413
a,0.3029,1.0000,0.4602,0.8657
a,0.4394,1.0000,0.4441,0.8821
a,0.5259,0.0100,0.2798,0.6252
a,0.2380,0.0191,0.3741,0.8402
a,0.1892,0.0184,0.3687,0.8308
a,0.2159,0.0208,0.3817,0.7485
a,0.3807,0.0254,0.4118,0.8714
a,0.3079,0.0300,0.3761,0.6026
a,0.2231,0.0368,0.3681,0.7904
a,0.2007,0.0202,0.3750,0.8032
a,0.2741,0.0228,0.4167,0.8550
a,0.4010,0.0306,0.4423,0.8555
a,0.4096,0.8619,0.4928,0.3233
a,0.4187,0.0236,0.4868,0.3955
a,0.3813,1.0000,0.4844,0.3543
a,0.4800,1.0000,0.4963,0.2445
a,0.3618,0.7307,0.4750,0.4984
a,0.4522,0.0261,0.4965,0.1927
a,0.3605,0.0252,0.4890,0.2482
a,0.4087,0.0276,0.4961,0.2480
a,0.4144,0.0248,0.4904,0.2748
a,0.4573,0.9663,0.4910,0.2991
a,0.1892,0.0205,0.2990,0.8712
a,0.2274,0.0205,0.3897,0.8586
a,0.1752,0.0196,0.3173,0.8682
a,0.2328,0.0198,0.4246,0.8344
a,0.1756,0.0205,0.3200,0.9397
a,0.2457,0.0205,0.4100,0.8179
a,0.2584,0.0211,0.3718,0.7804
a,0.3893,0.0213,0.4310,0.8914
a,0.1658,0.0170,0.4119,0.8501
a,0.1711,0.0205,0.2514,0.8998
a,0.3227,1.0000,0.4909,0.9824
a,0.3936,0.9714,0.4917,0.8955
a,0.4775,1.0000,0.4928,0.2929
a,0.4545,1.0000,0.4883,0.3533
a,0.4992,1.0000,0.4931,0.3115
a,0.4998,1.0000,0.4931,0.9757
a,0.4756,1.0000,0.4963,0.3330
a,0.3928,1.0000,0.4764,0.7857
a,0.4736,1.0000,0.4961,0.3452
a,0.4535,1.0000,0.4854,0.9461
a,0.4984,1.0000,0.5000,0.0902
a,0.5014,1.0000,0.5000,0.1165
a,0.5010,1.0000,0.4578,0.1492
a,0.2207,0.0259,0.4609,0.5185
a,0.3109,1.0000,0.4697,0.6687
a,0.4982,1.0000,0.5000,0.0999
a,0.5119,1.0000,0.3920,0.4438
a,0.5010,1.0000,0.5000,0.1509
a,0.4852,0.0177,0.4844,0.4629
a,0.4943,0.7772,0.4779,0.4941
a,0.5169,0.7421,0.4774,0.5655
a,0.4832,1.0000,0.5000,0.0624
a,0.4927,1.0000,0.5000,0.0660
a,0.4931,1.0000,0.5000,0.0196
a,0.4762,1.0000,0.4914,0.0622
a,0.3779,0.0255,0.4694,0.2696
a,0.4980,1.0000,0.4922,0.0380
a,0.4836,1.0000,0.5000,0.0403
a,0.5215,1.0000,0.4921,0.3481
a,0.4737,0.0456,0.4598,0.1823
a,0.4669,0.6149,0.4045,0.4367
a,0.3608,0.6637,0.4341,0.4778
a,0.4329,0.6507,0.3995,0.5925
a,0.4519,0.8920,0.3962,0.5097
a,0.4331,0.8163,0.4308,0.3578
a,0.4556,0.4160,0.4183,0.4298
a,0.4550,0.6105,0.3957,0.3044
a,0.4331,0.8163,0.4308,0.3578
a,0.4557,0.6953,0.3863,0.3807
a,0.3011,0.1236,0.3977,0.5401
a,0.3026,0.5466,0.4393,0.7473
a,0.5066,0.5729,0.4099,0.5637
a,0.5457,1.0000,0.4102,0.3790
a,0.4796,0.4117,0.2526,0.4064
a,0.5020,1.0000,0.3278,0.6175
a,0.5020,1.0000,0.3278,0.6175
a,0.4997,0.5021,0.3925,0.5203
a,0.3603,0.7362,0.4345,0.7517
a,0.2263,1.0000,0.4189,0.8503
a,0.4700,0.4742,0.3527,0.3701
a,0.4023,0.5136,0.3351,0.3668
a,0.4570,0.4600,0.3173,0.3374
a,0.4448,0.6076,0.3738,0.4131
a,0.4205,0.4102,0.3234,0.5073
a,0.4382,1.0000,0.4315,0.0601
a,0.4528,1.0000,0.4900,0.1277
a,0.4071,1.0000,0.4286,0.0879
a,0.3930,1.0000,0.4375,0.4445
a,0.3688,0.0692,0.2312,0.4442
a,0.4263,1.0000,0.4095,0.2715
a,0.3442,1.0000,0.3752,0.2728
a,0.3625,1.0000,0.4104,0.2624
a,0.3824,0.2370,0.3314,0.6137
a,0.4191,1.0000,0.4159,0.2890
a,0.2455,0.2833,0.3730,0.4722
a,0.4440,1.0000,0.5000,0.2141
a,0.4497,1.0000,0.5000,0.2103
a,0.4565,1.0000,0.5000,0.2371
a,0.4541,1.0000,0.5000,0.2378
a,0.5103,1.0000,0.5000,0.3075
a,0.3109,1.0000,0.4888,0.2598
a,0.3980,1.0000,0.4863,0.2809
a,0.2525,0.1298,0.2653,0.3403
a,0.2486,0.0168,0.3357,0.5536
a,0.2109,0.0210,0.3282,0.5230
a,0.2200,0.0172,0.3061,0.5163
a,0.2121,0.0172,0.3218,0.4632
a,0.2310,0.0165,0.3238,0.5276
a,0.2205,0.0252,0.3485,0.4628
a,0.2530,0.0186,0.3259,0.5479
a,0.2390,0.0151,0.2934,0.4913
a,0.2671,0.0199,0.3604,0.4823
a,0.2356,0.0170,0.3085,0.5301
a,0.3710,0.0146,0.2884,0.2541
a,0.3812,0.0168,0.2988,0.2881
a,0.3547,0.0194,0.2897,0.2464
a,0.2407,0.0174,0.3150,0.2696
a,0.2554,0.0154,0.3094,0.3277
a,0.3143,0.0137,0.2865,0.3062
a,0.3175,0.0139,0.2901,0.3662
a,0.2614,0.0152,0.2762,0.3039
a,0.2550,0.0142,0.2950,0.2201
a,0.2859,0.0144,0.2795,0.2400
a,0.5553,0.0195,0.5000,0.0430
a,0.5936,1.0000,0.5000,0.0091
a,0.2274,0.0420,0.2398,0.7896
a,0.3259,0.3778,0.2354,0.7203
a,0.4308,0.0136,0.2312,0.7689
a,0.2584,1.0000,0.3060,0.5562
a,0.3312,1.0000,0.2145,0.4779
a,0.4695,1.0000,0.2498,0.5214
a,0.3984,1.0000,0.2698,0.4399
a,0.3266,1.0000,0.2626,0.4262
a,0.1389,0.3434,0.2983,0.8378
a,0.5425,1.0000,0.4990,0.5407
a,0.5394,1.0000,0.5000,0.5386
a,0.4882,1.0000,0.4554,0.2508
a,0.5388,1.0000,0.4850,0.5354
a,0.5458,1.0000,0.4872,0.5103
a,0.4960,1.0000,0.4889,0.1131
a,0.5924,1.0000,0.4220,0.5011
a,0.4197,0.7639,0.2695,0.3100
a,0.5692,1.0000,0.5000,0.2625
a,0.7078,0.0253,0.4960,0.6458
a,0.7210,0.0291,0.4988,0.6224
a,0.7332,0.0291,0.4945,0.6230
a,0.4629,1.0000,0.4900,0.0085
a,0.4623,1.0000,0.4891,0.0119
a,0.4688,1.0000,0.4894,0.0094
a,0.4556,1.0000,0.5000,0.0026
a,0.4582,1.0000,0.4804,0.0058
a,0.4690,1.0000,0.4783,0.0203
a,0.5595,1.0000,0.4880,0.2646
a,0.5630,1.0000,0.4932,0.2648
a,0.5251,1.0000,0.4890,0.2884
a,0.5070,1.0000,0.4871,0.2986
a,0.5112,1.0000,0.4880,0.3184
a,0.5271,0.0312,0.5000,0.4232
a,0.3538,0.1618,0.3769,0.8025
a,0.2970,0.1820,0.3895,0.8159
a,0.4875,0.4780,0.4377,0.8064
a,0.4306,0.5058,0.4503,0.7990
a,0.2968,0.1222,0.3922,0.8209
a,0.3675,0.1684,0.3785,0.8159
a,0.4355,0.5974,0.4435,0.7857
a,0.1780,0.0202,0.2186,0.9040
a,0.1898,0.0394,0.2352,0.9118
a,0.3186,0.1800,0.4435,0.8311
a,0.4204,0.3546,0.3003,0.4556
a,0.3075,0.2878,0.3206,0.3497
a,0.3523,0.2958,0.2981,0.3818
a,0.3913,0.1579,0.2348,0.5673
a,0.5384,1.0000,0.4943,0.7460
a,0.5317,0.2581,0.4947,0.9071
a,0.5320,1.0000,0.4954,0.7518
a,0.5489,0.2710,0.4940,0.9010
a,0.5683,0.2613,0.4988,0.9416
a,0.5544,0.2722,0.4922,0.8938
a,0.5350,1.0000,0.4938,0.7478
a,0.5610,0.2733,0.4910,0.8778
a,0.1920,0.0098,0.3184,0.5501
a,0.5534,0.2645,0.4994,0.9662
a,0.1428,0.0098,0.3759,0.9077
a,0.4686,1.0000,0.4863,0.4285
a,0.5128,1.0000,0.4900,0.3822
a,0.4843,1.0000,0.4508,0.8049
a,0.4759,1.0000,0.4314,0.4865
a,0.4586,1.0000,0.4726,0.5907
a,0.4579,1.0000,0.4433,0.4885
a,0.5043,1.0000,0.4128,0.4517
a,0.5130,1.0000,0.4900,0.3902
a,0.5407,1.0000,0.3547,0.8456
a,0.4157,0.0214,0.4821,0.7745
a,0.4835,1.0000,0.4724,0.2371
a,0.4778,1.0000,0.4844,0.2865
a,0.4862,1.0000,0.4845,0.2518
a,0.4768,1.0000,0.4925,0.2498
a,0.3269,0.8571,0.4832,0.8724
a,0.4799,1.0000,0.4910,0.2532
a,0.5272,0.0214,0.4876,0.7062
a,0.3859,0.0214,0.4828,0.7450
a,0.4963,0.0214,0.4900,0.7049
a,0.5211,0.0140,0.4384,0.4252
a,0.3082,0.0219,0.4413,0.4910
a,0.2646,0.0245,0.4549,0.4709
a,0.2631,0.0257,0.4677,0.4974
a,0.2941,0.0171,0.4472,0.5523
a,0.2890,0.0383,0.3992,0.9092
a,0.2890,0.0383,0.3992,0.9092
a,0.3649,0.8895,0.3458,0.1514
a,0.3200,0.8453,0.3692,0.1277
a,0.3951,0.9414,0.3628,0.1175
a,0.1888,0.0450,0.2425,0.5910
a,0.2769,0.0968,0.1957,0.4123
a,0.1544,0.0258,0.3112,0.6160
a,0.4317,0.2818,0.2497,0.5938
a,0.2958,1.0000,0.4877,0.5800
a,0.1158,0.0457,0.2514,0.8803
a,0.5018,0.0166,0.5000,0.0374
a,0.3692,1.0000,0.3203,0.1831
a,0.3118,1.0000,0.3092,0.1848
a,0.3569,1.0000,0.3139,0.1893
a,0.3946,1.0000,0.3421,0.0940
a,0.4921,1.0000,0.5000,0.0670
a,0.4699,1.0000,0.3217,0.1021
a,0.4515,1.0000,0.3105,0.1365
a,0.4201,0.0204,0.4064,0.4616
a,0.4192,1.0000,0.3422,0.1793
a,0.2785,0.0068,0.4712,0.3774
a,0.4842,0.0071,0.4778,0.2529
a,0.4853,0.0070,0.4745,0.2663
a,0.4269,0.0079,0.4795,0.2891
a,0.3378,0.0078,0.4772,0.3072
a,0.4622,0.0076,0.4730,0.2747
a,0.4745,0.0073,0.4752,0.3299
a,0.3303,0.0076,0.4731,0.3133
a,0.4606,0.0074,0.4740,0.2603
a,0.4657,0.0078,0.4789,0.2967
a,0.3947,1.0000,0.4844,0.2421
a,0.4899,0.6368,0.3754,0.1831
a,0.5203,0.7031,0.4716,0.4821
a,0.4807,1.0000,0.4369,0.2433
a,0.6200,1.0000,0.5000,0.8696
a,0.4994,1.0000,0.4980,0.2363
a,0.4973,0.7710,0.4293,0.1685
a,0.4941,1.0000,0.5000,0.0151
a,0.4800,1.0000,0.4508,0.2067
a,0.2787,0.0075,0.4453,0.2462
a,0.3419,0.0083,0.4623,0.3057
a,0.2717,0.0106,0.4673,0.2419
a,0.2805,0.0091,0.4577,0.2472
a,0.3414,0.0080,0.4593,0.2389
a,0.3469,0.0074,0.4412,0.2456
a,0.2766,0.0082,0.4377,0.2232
a,0.2998,0.0107,0.4642,0.1985
a,0.2770,0.0074,0.4497,0.2155
a,0.3133,0.9521,0.4145,0.6810
a,0.3594,0.8331,0.4521,0.6821
a,0.3789,1.0000,0.4804,0.8584
a,0.3508,0.3214,0.4181,0.6780
a,0.3860,0.9857,0.4806,0.7921
a,0.3889,0.4500,0.4591,0.6657
a,0.3971,1.0000,0.4875,0.7788
a,0.3947,0.4500,0.4482,0.6665
a,0.3509,0.3214,0.4151,0.6600
a,0.3549,0.3214,0.4391,0.6867
a,0.5157,1.0000,0.4976,0.7834
a,0.4955,1.0000,0.4871,0.7700
a,0.5006,1.0000,0.4849,0.7723
a,0.4955,1.0000,0.4930,0.7717
a,0.5087,1.0000,0.4842,0.7781
a,0.5416,1.0000,0.4980,0.8106
a,0.5073,0.0337,0.4561,0.6674
a,0.5086,1.0000,0.4974,0.8037
a,0.5277,1.0000,0.4990,0.8044
a,0.4921,1.0000,0.4188,0.6073
a,0.5234,1.0000,0.5000,0.2057
a,0.5023,0.8840,0.4980,0.1099
a,0.5439,1.0000,0.5000,0.7417
a,0.3479,0.0151,0.4907,0.1546
a,0.3876,0.0240,0.4885,0.1421
a,0.2901,0.0301,0.4731,0.2342
a,0.1528,0.5151,0.4375,0.8119
a,0.3891,0.9459,0.4695,0.3552
a,0.4960,1.0000,0.5000,0.1447
a,0.2462,0.5182,0.4219,0.5915
a,0.4083,0.4168,0.4259,0.7638
a,0.4974,0.8586,0.4328,0.5161
a,0.4402,0.6336,0.4425,0.7484
a,0.4676,0.5299,0.4000,0.7472
a,0.3941,1.0000,0.4545,0.8835
a,0.4468,1.0000,0.5000,0.7431
a,0.3414,1.0000,0.4444,0.4866
a,0.2549,0.5519,0.2571,0.3302
a,0.3627,0.9824,0.2418,0.6416
a,0.4904,1.0000,0.3810,0.5280
a,0.5648,1.0000,0.4808,0.0933
a,0.5590,1.0000,0.5000,0.0290
a,0.4392,0.4334,0.4446,0.5130
a,0.5649,1.0000,0.5000,0.3027
a,0.5680,1.0000,0.5000,0.3871
a,0.4546,0.8394,0.4421,0.5243
a,0.1585,1.0000,0.4602,0.8150
a,0.4007,0.4885,0.4424,0.3895
a,0.3155,0.0151,0.4266,0.1661
a,0.2925,0.0138,0.4422,0.1586
a,0.2720,0.0130,0.4067,0.2023
a,0.3698,0.0118,0.4346,0.1033
a,0.2550,0.0130,0.4235,0.1237
a,0.3276,0.0118,0.3892,0.1746
a,0.2454,0.0143,0.3918,0.1959
a,0.2265,0.0136,0.4190,0.1885
a,0.3300,0.0157,0.4270,0.1772
a,0.4727,0.0175,0.4885,0.1308
a,0.4417,0.7062,0.4774,0.0696
a,0.4139,0.0172,0.4700,0.0981
a,0.4354,0.6726,0.4792,0.0664
a,0.4602,0.0192,0.4846,0.1631
a,0.4498,0.0186,0.4755,0.0703
a,0.4700,0.0190,0.4785,0.1164
a,0.4578,0.0188,0.4838,0.1312
a,0.4501,0.0172,0.4799,0.0753
a,0.4200,0.0183,0.4687,0.0872
a,0.4888,0.0196,0.4706,0.4745
a,0.5497,0.0269,0.4922,0.5378
a,0.5789,0.0332,0.4872,0.5779
a,0.5340,0.0182,0.4914,0.4400
a,0.5315,0.0182,0.4929,0.4404
a,0.5107,0.0207,0.4866,0.4682
a,0.4000,0.0182,0.4910,0.3770
a,0.3887,0.0272,0.4585,0.4722
a,0.2638,0.0371,0.4444,0.5223
a,0.4892,0.3492,0.4362,0.6757
a,0.3806,0.7978,0.4461,0.0458
a,0.3889,0.9931,0.4598,0.0910
a,0.4282,1.0000,0.4848,0.1083
a,0.3444,0.7028,0.4016,0.5548
a,0.1384,0.8805,0.5000,0.6991
a,0.4698,1.0000,0.4671,0.3692
a,0.2681,0.5472,0.3265,0.4790
a,0.2943,0.3529,0.3442,0.6185
a,0.4669,0.9242,0.4662,0.1283
a,0.6192,0.3838,0.4825,0.5752
a,0.4863,1.0000,0.4962,0.2484
a,0.4908,1.0000,0.4922,0.2721
a,0.6158,0.8137,0.4917,0.6102
a,0.4917,0.5219,0.4885,0.3283
a,0.4878,1.0000,0.4922,0.2356
a,0.4539,0.9408,0.4921,0.1173
a,0.4764,1.0000,0.4852,0.2255
a,0.4644,1.0000,0.4952,0.1108
a,0.5231,1.0000,0.5000,0.1979
a,0.3367,0.1737,0.4983,0.3267
a,0.5018,1.0000,0.5000,0.7299
a,0.5033,1.0000,0.4972,0.4480
a,0.4660,1.0000,0.4436,0.6760
a,0.4266,1.0000,0.4548,0.6630
a,0.5246,1.0000,0.4201,0.6821
a,0.5123,1.0000,0.2505,0.6161
a,0.4774,1.0000,0.4932,0.6884
a,0.4972,1.0000,0.4846,0.7312
a,0.4994,1.0000,0.4972,0.6802
a,0.5587,1.0000,0.4983,0.8189
a,0.5119,0.0572,0.5000,0.1457
a,0.5721,1.0000,0.5000,0.1429
a,0.6060,1.0000,0.5000,0.0637
a,0.5562,0.0588,0.5000,0.0685
a,0.5771,0.0644,0.5000,0.0794
a,0.5017,0.0572,0.5000,0.2183
a,0.5904,1.0000,0.5000,0.0728
a,0.6053,1.0000,0.5000,0.0175
a,0.4883,0.8465,0.4907,0.2558
a,0.5529,1.0000,0.4909,0.4385
a,0.5489,1.0000,0.4926,0.4605
a,0.5584,1.0000,0.4893,0.4168
a,0.4889,1.0000,0.4928,0.2391
a,0.5638,1.0000,0.4840,0.4139
a,0.3544,0.9593,0.4832,0.6858
a,0.5082,1.0000,0.4930,0.5319
a,0.4870,0.0173,0.4954,0.2119
a,0.3241,1.0000,0.4908,0.5488
a,0.4257,1.0000,0.2939,0.6165
a,0.4937,0.0614,0.4682,0.1671
a,0.4660,0.0303,0.4756,0.4638
a,0.2899,0.0385,0.4355,0.1679
a,0.4180,0.0229,0.4074,0.6040
a,0.4389,0.5488,0.4868,0.5182
a,0.4741,0.8414,0.4177,0.1467
a,0.4341,1.0000,0.4871,0.0648
a,0.4768,1.0000,0.4317,0.0442
a,0.5022,1.0000,0.4699,0.2127
a,0.5126,0.6969,0.5000,0.2934
a,0.5160,0.7358,0.5000,0.2912
a,0.4919,0.3328,0.4544,0.3756
a,0.2893,0.5759,0.4154,0.6828
a,0.4869,0.4402,0.4526,0.7347
a,0.3971,0.4737,0.4175,0.8121
a,0.4912,0.3189,0.4600,0.3881
a,0.4948,0.3986,0.4299,0.3799
a,0.2856,0.0077,0.2346,0.5942
a,0.2763,0.3714,0.3838,0.3428
a,0.3044,0.0133,0.2296,0.7150
a,0.2239,0.0258,0.2963,0.6873
a,0.2013,0.3318,0.2973,0.5934
a,0.2687,0.0103,0.1987,0.8100
a,0.2752,0.0573,0.2756,0.4169
a,0.3160,0.0099,0.2145,0.6057
a,0.2339,0.4179,0.4684,0.7245
a,0.4960,1.0000,0.3588,0.0659
a,0.4703,1.0000,0.4887,0.1758
a,0.4622,1.0000,0.4793,0.1402
a,0.4802,1.0000,0.4790,0.1982
a,0.5059,0.9499,0.4188,0.6322
a,0.3699,0.8767,0.4130,0.5844
a,0.4754,1.0000,0.4571,0.1305
a,0.5597,1.0000,0.5000,0.8159
a,0.5939,1.0000,0.5000,0.9419
a,0.5081,1.0000,0.4927,0.2733
a,0.3482,0.2095,0.2432,0.6935
a,0.5021,0.9183,0.4982,0.1524
a,0.5052,0.9523,0.4953,0.0464
a,0.5081,1.0000,0.4969,0.0401
a,0.4995,0.0251,0.4972,0.0895
a,0.5074,0.0270,0.4958,0.1344
a,0.3572,1.0000,0.4941,0.1433
a,0.3297,0.1996,0.4833,0.7473
a,0.5049,0.0294,0.4977,0.1458
a,0.4308,0.5547,0.4594,0.0809
a,0.3088,0.7252,0.4251,0.5996
a,0.2802,0.7242,0.3941,0.6338
a,0.3254,0.7252,0.4036,0.6728
a,0.2917,0.7252,0.4602,0.5350
a,0.3138,0.7252,0.4366,0.5797
a,0.2758,1.0000,0.4636,0.5331
a,0.2786,0.7252,0.4377,0.5667
a,0.2652,0.7252,0.4266,0.5889
a,0.2769,0.7633,0.4487,0.5562
a,0.2766,0.5394,0.3730,0.6932
a,0.5002,1.0000,0.4896,0.0971
a,0.5003,1.0000,0.4946,0.0946
a,0.5009,1.0000,0.5000,0.1592
a,0.2036,0.0175,0.3084,0.4717
a,0.3928,0.0360,0.2750,0.8170
a,0.4789,1.0000,0.4957,0.2801
a,0.4938,1.0000,0.4972,0.2408
a,0.4543,0.0277,0.2835,0.5637
a,0.4931,1.0000,0.4978,0.2628
a,0.5188,1.0000,0.4855,0.2739
a,0.2036,0.0315,0.2386,0.5030
a,0.5132,1.0000,0.4882,0.2492
a,0.2855,0.0210,0.2500,0.7594
a,0.2893,0.0767,0.3906,0.7444
a,0.3092,0.0108,0.1958,0.5644
a,0.2316,0.2620,0.3462,0.7656
a,0.4820,1.0000,0.4958,0.2637
a,0.4582,1.0000,0.4959,0.2412
a,0.4763,1.0000,0.4977,0.2287
a,0.5011,1.0000,0.4989,0.2705
a,0.4781,1.0000,0.4928,0.2390
a,0.2879,0.0182,0.4440,0.1107
a,0.4141,0.0202,0.4489,0.1369
a,0.3569,0.0186,0.4481,0.0984
a,0.2881,0.0196,0.4526,0.2190
a,0.3279,0.0178,0.4582,0.1701
a,0.3432,0.0186,0.4549,0.1052
a,0.3218,0.0172,0.4590,0.0932
a,0.3785,0.0188,0.4661,0.0869
a,0.3991,0.0178,0.4610,0.1591
a,0.4385,0.8455,0.4591,0.1022
a,0.1641,0.0786,0.2256,0.4450
a,0.5601,0.0508,0.5000,0.7543
a,0.5698,0.0508,0.5000,0.7619
a,0.1720,0.0857,0.2225,0.4987
a,0.5582,0.0508,0.5000,0.7412
a,0.5634,0.0508,0.5000,0.7053
a,0.5517,0.0508,0.5000,0.6733
a,0.5262,0.0508,0.4919,0.5843
a,0.4882,0.0508,0.4848,0.5579
a,0.4563,0.0497,0.4792,0.6020
a,0.4833,0.0104,0.4895,0.1444
a,0.4870,0.0104,0.4901,0.1653
a,0.4922,0.0125,0.4885,0.1588
a,0.4548,0.0111,0.4856,0.1326
a,0.4897,0.0107,0.4884,0.1190
a,0.4892,0.0104,0.4895,0.1514
a,0.4521,0.0117,0.4871,0.1619
a,0.4570,0.0109,0.4883,0.1150
a,0.4369,0.0104,0.4864,0.1508
a,0.4727,1.0000,0.4866,0.1522
a,0.4630,0.2266,0.3438,0.7457
a,0.3409,0.1888,0.3500,0.5336
a,0.3853,0.1888,0.3906,0.5269
a,0.3859,0.2266,0.3750,0.6227
a,0.3427,0.1888,0.4118,0.6786
a,0.5115,1.0000,0.5000,0.1948
a,0.5075,1.0000,0.5000,0.1534
a,0.5074,1.0000,0.5000,0.1454
a,0.5292,1.0000,0.5000,0.4976
a,0.2193,0.6092,0.5000,0.5539
a,0.2193,0.6092,0.5000,0.5539
a,0.5187,1.0000,0.4938,0.8658
a,0.5457,1.0000,0.4994,0.4590
a,0.5359,1.0000,0.5000,0.4109
a,0.4981,1.0000,0.5000,0.1839
a,0.2833,0.2118,0.4841,0.6488
a,0.3189,0.4015,0.4823,0.6104
a,0.2154,0.2020,0.4717,0.8076
a,0.3394,0.7025,0.4844,0.7120
a,0.2305,0.3500,0.4737,0.8296
a,0.4645,0.8201,0.4892,0.3525
a,0.4808,0.9314,0.4921,0.2379
a,0.5047,0.9183,0.4913,0.7200
a,0.2112,0.0428,0.1859,0.5574
a,0.4724,1.0000,0.4921,0.5103
a,0.2187,0.0102,0.2227,0.5879
a,0.3330,1.0000,0.2903,0.3135
a,0.3618,1.0000,0.3117,0.2127
a,0.2185,1.0000,0.3021,0.5163
a,0.3131,1.0000,0.3172,0.1282
a,0.4342,1.0000,0.3031,0.1334
a,0.1840,0.1557,0.2687,0.7039
a,0.4260,0.0102,0.2196,0.1672
a,0.4115,1.0000,0.3486,0.1442
a,0.2729,0.6402,0.3333,0.4600
a,0.3382,0.7155,0.4688,0.5339
a,0.5357,1.0000,0.5000,0.5815
a,0.3946,0.6860,0.4000,0.0086
a,0.5401,1.0000,0.4865,0.4497
a,0.5584,1.0000,0.4884,0.4244
a,0.2994,0.3123,0.4541,0.3288
a,0.3537,0.0442,0.4385,0.2822
a,0.3460,0.0442,0.4065,0.3247
a,0.5634,1.0000,0.5000,0.5489
a,0.2314,0.5300,0.3871,0.9239
a,0.5182,1.0000,0.5000,0.3096
a,0.5307,1.0000,0.5000,0.7142
a,0.1186,0.4704,0.3571,0.6242
a,0.4932,1.0000,0.4516,0.2443
a,0.5130,1.0000,0.4643,0.2357
a,0.5119,1.0000,0.5000,0.2527
a,0.4920,1.0000,0.5000,0.3661
a,0.5107,1.0000,0.5000,0.2485
a,0.4920,1.0000,0.5000,0.3661
a,0.4764,1.0000,0.4770,0.3394
a,0.3438,1.0000,0.4874,0.0717
a,0.3710,1.0000,0.4922,0.0787
a,0.3621,1.0000,0.4933,0.0821
a,0.3814,1.0000,0.4925,0.0729
a,0.3735,1.0000,0.4923,0.0710
a,0.4055,1.0000,0.4837,0.4151
a,0.3661,1.0000,0.4891,0.4026
a,0.4745,1.0000,0.5000,0.0917
a,0.4148,1.0000,0.5000,0.0905
a,0.5399,1.0000,0.5000,0.0731
a,0.5021,1.0000,0.5000,0.0710
a,0.5638,0.8179,0.4286,0.1320
a,0.5109,0.7336,0.4375,0.5191
a,0.5155,0.8179,0.5000,0.0992
a,0.5331,1.0000,0.3571,0.3824
a,0.5005,0.7930,0.5000,0.6019
a,0.5189,0.0066,0.4575,0.2764
a,0.5079,1.0000,0.4773,0.3134
a,0.5334,1.0000,0.5000,0.4486
a,0.4704,0.0280,0.4783,0.0958
a,0.4679,0.0234,0.4777,0.1086
a,0.4648,0.0265,0.4929,0.1677
a,0.4746,1.0000,0.4870,0.4282
a,0.5035,0.0096,0.4861,0.0814
a,0.4773,0.0201,0.4872,0.1695
a,0.4777,0.0096,0.4871,0.1148
a,0.4936,0.0096,0.4848,0.1018
a,0.4952,0.0096,0.4958,0.0673
a,0.4937,0.7071,0.4761,0.7557
a,0.4880,0.7071,0.4755,0.7473
a,0.4933,0.7071,0.4709,0.7547
a,0.4966,0.7071,0.4778,0.7492
a,0.4952,0.7315,0.4798,0.7563
a,0.4950,0.7071,0.4754,0.7582
a,0.4841,0.7071,0.4664,0.7525
a,0.4969,0.7071,0.4783,0.7592
a,0.4983,0.7071,0.4678,0.7502
a,0.4908,0.7071,0.4674,0.7584
a,0.5112,1.0000,0.5000,0.5871
a,0.5090,1.0000,0.5000,0.5931
a,0.5125,1.0000,0.4998,0.5848
a,0.5142,1.0000,0.4998,0.5535
a,0.5123,1.0000,0.5000,0.5676
a,0.5071,1.0000,0.5000,0.5796
a,0.5098,1.0000,0.5000,0.5817
a,0.5055,1.0000,0.5000,0.5538
a,0.5072,1.0000,0.5000,0.5989
a,0.5157,1.0000,0.5000,0.5658
a,0.3171,1.0000,0.4788,0.0107
a,0.2707,1.0000,0.4851,0.0117
a,0.2686,0.9833,0.4738,0.3122
a,0.3113,0.1193,0.3739,0.2210
a,0.4900,0.5462,0.5000,0.0049
a,0.4797,0.5715,0.4271,0.2159
a,0.4818,0.9304,0.4221,0.1847
a,0.5004,1.0000,0.4991,0.2137
a,0.4019,0.0704,0.4798,0.1002
a,0.4894,0.0854,0.5000,0.1835
a,0.4987,0.0854,0.5000,0.1622
a,0.4459,0.0854,0.5000,0.1472
a,0.3982,0.0767,0.4900,0.0882
a,0.4584,0.0798,0.4900,0.0135
a,0.4991,0.0828,0.5000,0.2133
a,0.2960,0.1313,0.5000,0.8275
a,0.4900,0.1060,0.4891,0.2045
a,0.3845,0.0798,0.4811,0.1749
a,0.5183,0.0667,0.5000,0.8025
a,0.4991,1.0000,0.5000,0.0001
a,0.5648,0.0693,0.5000,0.4430
a,0.4582,0.0667,0.5000,0.6891
a,0.3464,1.0000,0.4565,0.4411
a,0.6670,0.0745,0.5000,0.5661
a,0.5695,0.0791,0.5000,0.9607
a,0.3764,1.0000,0.4848,0.2444
a,0.5980,0.0745,0.5000,0.3344
a,0.4051,0.0054,0.4210,0.4526
a,0.2155,0.0614,0.4266,0.8159
a,0.2481,0.0992,0.3964,0.6543
a,0.2821,0.1414,0.4518,0.4928
a,0.2460,0.1435,0.3328,0.6064
a,0.2755,0.0816,0.4471,0.6030
a,0.3139,0.0272,0.3499,0.4285
a,0.1669,0.1406,0.3230,0.3386
a,0.3278,0.1767,0.4429,0.7697
a,0.5061,0.6225,0.4809,0.5710
a,0.4902,0.1992,0.4867,0.5477
a,0.5006,0.6225,0.4688,0.5740
a,0.5106,1.0000,0.4567,0.5781
a,0.5002,1.0000,0.4936,0.5182
a,0.5316,1.0000,0.5000,0.4333
a,0.5033,1.0000,0.4654,0.5632
a,0.4416,1.0000,0.4881,0.0121
a,0.4328,1.0000,0.5000,0.0132
a,0.5334,1.0000,0.5000,0.7092
a,0.5172,1.0000,0.4970,0.7009
a,0.5446,1.0000,0.5000,0.7126
a,0.5130,0.0481,0.5000,0.7077
a,0.5146,0.0500,0.5000,0.7210
a,0.5334,0.0521,0.5000,0.7525
a,0.5310,0.0542,0.5000,0.7708
a,0.4915,1.0000,0.4907,0.6789
a,0.5375,0.0565,0.5000,0.7913
a,0.5298,0.0089,0.5000,0.2531
a,0.3814,0.4412,0.2553,0.4946
a,0.3922,0.4734,0.2581,0.4604
a,0.4832,1.0000,0.5000,0.1306
a,0.4260,0.5222,0.2512,0.4826
a,0.4885,1.0000,0.5000,0.4321
a,0.3902,0.2142,0.2155,0.5008
a,0.2117,0.5918,0.2670,0.6938
a,0.2440,0.1556,0.3508,0.5836
a,0.1438,0.0444,0.1757,0.9100
a,0.3094,0.0169,0.3369,0.5686
a,0.4095,0.0175,0.3623,0.5756
a,0.4585,0.0178,0.3185,0.5998
a,0.3984,0.2561,0.1843,0.6632
a,0.3745,0.2561,0.2311,0.6639
a,0.4284,0.0251,0.3055,0.6213
a,0.4222,0.2434,0.1925,0.6471
a,0.3198,0.2561,0.3149,0.6786
a,0.3387,0.2107,0.2376,0.6370
a,0.3076,0.2450,0.3814,0.7015
a,0.0975,0.0925,0.1765,0.9663
a,0.2219,0.0877,0.2179,0.3806
a,0.1876,0.0830,0.1818,0.7811
a,0.1428,0.0877,0.2708,0.7746
a,0.1597,0.0786,0.1667,0.7705
a,0.1894,0.0971,0.2500,0.7702
a,0.1470,0.0877,0.2031,0.4244
a,0.2132,0.0830,0.2222,0.6043
a,0.1771,0.1060,0.2500,0.7470
a,0.3169,0.0786,0.2500,0.6147
a,0.4566,0.2645,0.4398,0.2650
a,0.4563,0.3034,0.4342,0.2691
a,0.4188,0.3216,0.4620,0.2642
a,0.4457,0.2640,0.4514,0.3263
a,0.4385,0.3302,0.4701,0.3240
a,0.4477,0.2484,0.4441,0.3687
a,0.3191,0.2961,0.4726,0.4451
a,0.4623,0.2134,0.4456,0.2823
a,0.4456,0.6054,0.4533,0.5101
a,0.4546,0.1896,0.4599,0.2891
a,0.2854,0.4160,0.3797,0.0371
a,0.4057,0.1905,0.4626,0.6534
a,0.3584,0.1552,0.4490,0.7762
a,0.3189,0.2224,0.3707,0.6592
a,0.3900,1.0000,0.2778,0.2789
a,0.5059,1.0000,0.2778,0.2465
a,0.2043,0.0350,0.1926,0.4528
a,0.4874,1.0000,0.4065,0.3527
a,0.5019,1.0000,0.4556,0.2964
a,0.5250,1.0000,0.3048,0.2697
a,0.5626,1.0000,0.5000,0.7076
a,0.5626,1.0000,0.5000,0.7373
a,0.5354,1.0000,0.4979,0.4617
a,0.5684,1.0000,0.5000,0.8013
a,0.5774,1.0000,0.5000,0.7626
a,0.5336,1.0000,0.5000,0.4830
a,0.5949,1.0000,0.5000,0.8449
a,0.5319,1.0000,0.4989,0.4374
a,0.5303,1.0000,0.4994,0.5273
a,0.5147,1.0000,0.5000,0.5385
a,0.3981,0.1060,0.3824,0.8682
a,0.2750,0.0767,0.4324,0.7057
a,0.3083,0.0643,0.4062,0.8170
a,0.3265,0.0941,0.3611,0.7276
a,0.4791,0.0884,0.4796,0.2075
a,0.2633,0.0828,0.2778,0.7613
a,0.1810,0.0643,0.3333,0.7024
a,0.1753,0.0830,0.4000,0.7802
a,0.3051,0.0735,0.4000,0.7830
a,0.1381,0.0704,0.3889,0.7673
a,0.3332,0.3428,0.2533,0.4771
a,0.4061,0.3388,0.2920,0.4535
a,0.4256,0.2533,0.2301,0.5396
a,0.2935,0.2966,0.2201,0.6295
a,0.2597,0.2326,0.2217,0.5362
a,0.5665,0.2767,0.1995,0.8362
a,0.4804,0.1937,0.1834,0.3691
a,0.4403,0.9563,0.3986,0.6873
a,0.4429,0.7428,0.4082,0.7106
a,0.4223,0.9491,0.4096,0.6851
a,0.4484,0.9563,0.3571,0.6587
a,0.4241,0.9563,0.3532,0.5108
a,0.3985,0.9563,0.3835,0.5420
a,0.4634,0.9563,0.3983,0.7030
a,0.4216,0.9563,0.3451,0.4621
a,0.4335,0.9563,0.4186,0.6756
a,0.4471,0.4664,0.4199,0.6723
a,0.5177,1.0000,0.5000,0.3744
a,0.5160,1.0000,0.5000,0.3940
a,0.5451,1.0000,0.4614,0.5160
a,0.5262,1.0000,0.5000,0.3880
a,0.5178,1.0000,0.4952,0.3736
a,0.5123,1.0000,0.4716,0.3987
a,0.3726,0.4608,0.4806,0.8133
a,0.3880,0.1363,0.4415,0.7124
a,0.4614,0.2344,0.4667,0.7100
a,0.4550,1.0000,0.4739,0.2873
a,0.4508,0.7420,0.4330,0.6442
a,0.3595,0.8412,0.4472,0.7033
a,0.4038,1.0000,0.4744,0.6639
a,0.3739,0.6954,0.3613,0.6142
a,0.4255,0.5318,0.4375,0.5526
a,0.4017,0.4983,0.4490,0.6886
a,0.1752,0.1416,0.3935,0.5478
a,0.2020,0.0560,0.3666,0.4942
a,0.1686,0.2855,0.4265,0.5511
a,0.1615,0.0362,0.2605,0.4930
a,0.2394,0.2961,0.3446,0.5208
a,0.4029,0.0632,0.4265,0.8977
a,0.3843,0.0544,0.4225,0.8935
a,0.4747,0.0544,0.3782,0.7461
a,0.3041,0.0677,0.3750,0.8275
a,0.2978,0.0544,0.4309,0.0541
a,0.3527,0.0565,0.4348,0.9175
a,0.2211,0.0610,0.2417,0.7748
a,0.2625,0.0587,0.2347,0.7219
a,0.4871,0.0884,0.4844,0.3133
a,0.2234,0.0667,0.4219,0.8798
a,0.2449,1.0000,0.5000,0.1592
a,0.4989,1.0000,0.5000,0.3141
a,0.4459,0.1966,0.2859,0.5321
a,0.5372,0.8946,0.5000,0.4444
a,0.4119,0.2504,0.1901,0.2858
a,0.1745,0.5030,0.3046,0.4421
a,0.4824,1.0000,0.4921,0.4889
a,0.4935,1.0000,0.5000,0.0306
a,0.5033,0.2169,0.4052,0.6000
a,0.5405,1.0000,0.5000,0.6013
a,0.2070,0.0544,0.1842,0.6810
a,0.3425,0.0538,0.2619,0.2300
a,0.2498,0.0587,0.3000,0.5931
a,0.2271,0.0376,0.2436,0.8475
a,0.4247,1.0000,0.4444,0.5126
a,0.5045,0.0601,0.5000,0.6862
a,0.5141,0.0632,0.5000,0.7087
a,0.3711,0.0060,0.2868,0.8347
a,0.5279,0.0667,0.4966,0.7408
a,0.4990,0.0538,0.4941,0.6453
a,0.5442,0.0704,0.5000,0.7501
a,0.4980,0.0131,0.5000,0.1015
a,0.5230,0.0128,0.5000,0.2566
a,0.5381,0.0743,0.5000,0.7448
a,0.5575,0.0153,0.5000,0.0553
a,0.3580,0.6063,0.5000,0.5020
a,0.5079,1.0000,0.4167,0.2686
a,0.5246,1.0000,0.5000,0.1504
a,0.5254,1.0000,0.5000,0.0974
a,0.4521,0.2263,0.5000,0.4146
a,0.4946,1.0000,0.4583,0.0289
a,0.3547,0.0273,0.4496,0.6855
a,0.4071,0.0276,0.2947,0.6738
a,0.2604,0.0280,0.3367,0.6832
a,0.3940,0.0306,0.2261,0.6613
a,0.3350,0.0301,0.1721,0.6581
a,0.3296,0.0297,0.2681,0.6640
a,0.4496,0.0308,0.2602,0.6443
a,0.2105,0.0308,0.2827,0.6589
a,0.3600,0.0325,0.2108,0.6267
a,0.2308,0.0320,0.2085,0.6661
r,0.1393,0.0307,0.1551,0.9468
r,0.1544,0.0310,0.3198,0.5103
r,0.1567,0.0636,0.2306,0.4873
r,0.1278,0.0514,0.2156,0.7759
r,0.1396,0.0272,0.1786,0.5272
r,0.2039,0.0510,0.3597,0.4943
r,0.1059,0.0437,0.1310,0.9847
r,0.2468,0.0602,0.2352,0.4105
r,0.2351,0.1226,0.2513,0.6830
r,0.2186,0.2674,0.2400,0.6927
r,0.2541,0.0719,0.2553,0.7992
r,0.3631,0.0359,0.3205,0.7900
r,0.2722,0.1529,0.3197,0.5060
r,0.1308,0.0523,0.3106,0.4583
r,0.2089,0.0385,0.3333,0.6750
r,0.1719,0.0345,0.2344,0.5405
r,0.3414,0.0868,0.3615,0.4818
r,0.1530,0.0614,0.1729,0.8372
r,0.1523,0.0362,0.2117,0.6323
r,0.3175,0.0486,0.4190,0.4537
r,0.1582,0.0471,0.1671,0.8151
r,0.1578,0.0359,0.2072,0.8165
r,0.1377,0.0168,0.1444,0.7858
r,0.2073,0.0630,0.2254,0.6380
r,0.1317,0.0438,0.1775,0.6741
r,0.1143,0.0418,0.1891,0.6781
r,0.2223,0.0523,0.1979,0.5440
r,0.1151,0.0287,0.1802,0.8656
r,0.2656,0.1502,0.3389,0.4069
r,0.1532,0.0483,0.1927,0.8085
r,0.2058,0.1179,0.2808,0.6428
r,0.1315,0.0784,0.1946,0.6856
r,0.1897,0.0412,0.2072,0.6441
r,0.2224,0.0940,0.2652,0.4316
r,0.2911,0.0416,0.4453,0.6557
r,0.2044,0.0975,0.2113,0.4563
r,0.2286,0.0527,0.3954,0.7045
r,0.1112,0.0334,0.1876,0.8560
r,0.3863,0.3963,0.4149,0.5063
r,0.3172,0.0921,0.3133,0.2073
r,0.2642,0.1025,0.2764,0.7039
r,0.2711,0.1576,0.3700,0.3436
r,0.1664,0.1200,0.2167,0.6092
r,0.1608,0.0281,0.1560,0.8795
r,0.1526,0.0702,0.1547,0.8106
r,0.1337,0.0704,0.1634,0.7888
r,0.2258,0.0372,0.2768,0.8445
r,0.1329,0.0237,0.2813,0.7983
r,0.1243,0.0290,0.2064,0.8527
r,0.3163,0.0852,0.2866,0.5385
r,0.2325,0.0474,0.2672,0.3602
r,0.2850,0.1488,0.2542,0.3569
r,0.2399,0.0928,0.2391,0.7947
r,0.2063,0.1463,0.2638,0.5815
r,0.1878,0.2018,0.1667,0.7872
r,0.1378,0.1127,0.2045,0.7090
r,0.1868,0.0388,0.2696,0.3829
r,0.1978,0.0673,0.2210,0.9059
r,0.2551,0.1495,0.1863,0.4994
r,0.2160,0.0164,0.1761,0.4396
r,0.1902,0.0435,0.1946,0.4448
r,0.1222,0.0261,0.1653,0.7095
r,0.1595,0.0339,0.1884,0.7730
r,0.1526,0.0629,0.2606,0.6335
r,0.1784,0.0116,0.1918,0.8956
r,0.1139,0.0533,0.2461,0.9766
r,0.1418,0.0241,0.3299,0.7584
r,0.1542,0.0354,0.1833,0.8292
r,0.2071,0.0671,0.2154,0.7645
r,0.2463,0.0755,0.2326,0.6978
r,0.1504,0.0246,0.1489,0.8799
r,0.3636,0.0883,0.3991,0.6089
r,0.2044,0.0396,0.4025,0.8355
r,0.1395,0.1008,0.2407,0.9230
r,0.2057,0.0299,0.2845,0.6647
r,0.1659,0.0202,0.2185,0.6736
r,0.3964,0.1287,0.4230,0.6409
r,0.3052,0.0320,0.3077,0.7987
r,0.1715,0.1106,0.1583,0.9354
r,0.2529,0.1849,0.2627,0.9342
r,0.1899,0.0106,0.2660,0.8014
r,0.1739,0.0306,0.2481,0.7988
r,0.3060,0.0491,0.2667,0.8980
r,0.1622,0.0344,0.1762,0.6534
r,0.1567,0.0170,0.1568,0.7800
r,0.1458,0.0694,0.2375,0.8839
r,0.1256,0.0122,0.1937,0.8980
r,0.1690,0.0791,0.2400,0.7383
r,0.1192,0.0394,0.1667,0.6572
r,0.1297,0.1238,0.1476,0.8104
r,0.1447,0.0723,0.2110,0.8696
r,0.1150,0.0884,0.1561,0.7553
r,0.1445,0.0236,0.1443,0.8437
r,0.1522,0.0137,0.2059,0.7834
r,0.3469,0.0187,0.3241,0.5472
r,0.1446,0.0542,0.2188,0.7750
r,0.1222,0.1881,0.1667,0.8471
r,0.1684,0.0175,0.2853,0.7010
r,0.2800,0.0469,0.4277,0.5018
r,0.1371,0.1462,0.1909,0.9370
r,0.1198,0.0104,0.1432,0.9665
r,0.2475,0.0253,0.4378,0.5075
r,0.4121,0.1239,0.4563,0.7409
r,0.2006,0.0557,0.2537,0.3963
r,0.4625,0.1779,0.4920,0.3011
r,0.1229,0.1843,0.1636,0.9298
r,0.5366,0.0476,0.4398,0.3884
r,0.1205,0.0224,0.1813,0.8061
r,0.2534,0.1060,0.1583,0.4479
r,0.1653,0.0312,0.2287,0.8038
r,0.1613,0.1034,0.2638,0.9441
r,0.1920,0.1359,0.2539,0.8185
r,0.2705,0.4361,0.2025,0.5699
r,0.1734,0.0353,0.1780,0.6582
r,0.1558,0.0197,0.1589,0.8450
r,0.4924,0.1549,0.2440,0.6377
r,0.1252,0.0106,0.1446,0.8435
r,0.2836,0.0357,0.1452,0.5114
r,0.1151,0.0172,0.1707,0.8637
r,0.1628,0.0171,0.1465,0.8280
r,0.1664,0.0164,0.2024,0.6813
r,0.1691,0.0914,0.3292,0.5386
r,0.3856,0.1414,0.2842,0.6990
r,0.1204,0.0252,0.2461,0.9079
r,0.3758,0.0196,0.2535,0.5204
r,0.2050,0.1693,0.2553,0.4868
r,0.3153,0.1683,0.3559,0.5647
r,0.3701,0.1857,0.4394,0.4491
r,0.3936,0.1975,0.4054,0.4106
r,0.2775,0.2670,0.3136,0.5023
r,0.4386,0.4557,0.4500,0.6031
r,0.1525,0.2787,0.2165,0.6375
r,0.2518,0.0071,0.2700,0.4710
r,0.4216,0.0107,0.4500,0.4688
r,0.1139,0.0202,0.2704,0.8044
r,0.2987,0.1491,0.4155,0.4102
r,0.1276,0.1116,0.1683,0.8469
r,0.1159,0.0725,0.2011,0.8404
r,0.1442,0.0362,0.1792,0.7400
r,0.1251,0.1116,0.1541,0.8328
